100 John Galt 9 120-HansenHall johngalt@abc.edu 123456
101 Harry Potter 9 121-HansenHall harrypotter@abc.edu 789101
102 Aamir Khan 9 122-HansenHall aamirkhan@abc.edu 111213
103 Oliver Queen 9 123-HansenHall oliverqueen@abc.edu 411516
104 Douglas Strik 9 124-HansenHall douglasstri@abc.edu	171819
105 Jamie Lannis 9 125-HansenHall jamielannis@abc.edu 202122
106 Dracary Dragon 9 126-HansenHall dracadragon@abc.edu 232425
107 Prabhas Raj 9 127-HansenHall prabhasraj@abc.edu 262728
108 Amar Bahu 9 128-HansenHall amarbahu@abc.edu 293031
109 Barry Alen 9 129-HansenHall barryalen@abc.edu 323334
110 Salman Khan 3 130-HansenHall salmankhan@abc.edu 353637
111 Pawan Kalyan 3 131-HansenHall pawankalyan@abc.edu 383940
112 Mahesh Babu 3 132-HansenHall maheshbabu@abc.edu 414243
113 Tarak Ram 3 133-HansenHall tarakram@abc.edu 444546
114 Indiana Jones 3 134-HansenHall indianaj@abc.edu 474849
115 Bruce Wayne 3 135-HansenHall brucewayne@abc.edu 505152
116 Jon Snow 3 136-HansenHall jonsnow@abc.edu 535455
117 Tyrion Lann 3 137-HansenHall tyrionlann@abc.edu 565758
118 Eddard Stark 3 138-HansenHall eddardstark@abc.edu 596061
119 Dany Targ 3 139-HansenHall danytarg@abc.edu 626364